PDB ID,Chain,Res Name,Res ID,Pre pKa,Cal pKa,Expt pKa,model pKa,Pre pKa shift,Cal pKa shift,Expt pKa shift,|Pre pKa shift|,|Cal pKa shift|,|Expt pKa shift|,Pre - Expt pKa,Cal - Expt pKa,Pre - Cal pKa,|Pre - Expt pKa|,|Cal - Expt pKa|,|Pre - Cal pKa|
1UBQ,A,ASP,21,3.5858616828918457,5.745566656551423,3.1,3.7,-0.11413831710815447,2.045566656551423,-0.6000000000000001,0.11413831710815447,2.045566656551423,0.6000000000000001,0.4858616828918456,2.645566656551423,-2.1597049736595775,0.4858616828918456,2.645566656551423,2.1597049736595775
1TRS,A,ASP,58,2.9741528034210205,4.917307730628966,2.7,3.7,-0.7258471965789797,1.2173077306289657,-1.0,0.7258471965789797,1.2173077306289657,1.0,0.27415280342102033,2.217307730628966,-1.9431549272079458,0.27415280342102033,2.217307730628966,1.9431549272079458
1CDC,A,ASP,71,3.1597421169281006,3.0212975742888446,3.18,3.7,-0.5402578830718996,-0.6787024257111556,-0.52,0.5402578830718996,0.6787024257111556,0.52,-0.020257883071899574,-0.15870242571115556,0.13844454263925599,0.020257883071899574,0.15870242571115556,0.13844454263925599
2QMT,A,ASP,36,4.18967342376709,4.469025589352512,3.8,3.7,0.4896734237670897,0.7690255893525118,0.09999999999999963,0.4896734237670897,0.7690255893525118,0.09999999999999963,0.38967342376709,0.6690255893525121,-0.2793521655854221,0.38967342376709,0.6690255893525121,0.2793521655854221
1IGC,A,ASP,52,3.019561767578125,2.697824974831525,3.4,3.7,-0.6804382324218752,-1.0021750251684751,-0.3000000000000003,0.6804382324218752,1.0021750251684751,0.3000000000000003,-0.3804382324218749,-0.7021750251684749,0.32173679274659994,0.3804382324218749,0.7021750251684749,0.32173679274659994
1EGF,A,ASP,46,2.7843358516693115,2.8380545855444907,3.8,3.7,-0.9156641483306888,-0.8619454144555094,0.09999999999999963,0.9156641483306888,0.8619454144555094,0.09999999999999963,-1.0156641483306883,-0.9619454144555091,-0.053718733875179225,1.0156641483306883,0.9619454144555091,0.053718733875179225
1FNA,A,ASP,80,3.3135771751403813,2.9480095051356656,3.4,3.7,-0.3864228248596193,-0.7519904948643346,-0.3000000000000003,0.3864228248596193,0.7519904948643346,0.3000000000000003,-0.08642282485961861,-0.4519904948643343,0.3655676700047157,0.08642282485961861,0.4519904948643343,0.3655676700047157
1IGC,A,ASP,45,3.2638823986053467,3.4393064187132394,4.4,3.7,-0.4361176013946535,-0.2606935812867608,0.7000000000000002,0.4361176013946535,0.2606935812867608,0.7000000000000002,-1.1361176013946537,-0.960693581286761,-0.1754240201078927,1.1361176013946537,0.960693581286761,0.1754240201078927
1GB1,A,ASP,36,4.192160129547118,4.447584600418202,3.8,3.7,0.492160129547119,0.7475846004182021,0.09999999999999963,0.492160129547119,0.7475846004182021,0.09999999999999963,0.39216012954711843,0.6475846004182024,-0.255424470871084,0.39216012954711843,0.6475846004182024,0.255424470871084
1HNG,A,ASP,25,3.0809383392333984,3.345091165689322,3.53,3.7,-0.6190616607666017,-0.3549088343106783,-0.17000000000000035,0.6190616607666017,0.3549088343106783,0.17000000000000035,-0.44906166076660137,-0.18490883431067795,-0.2641528264559234,0.44906166076660137,0.18490883431067795,0.2641528264559234
1UBQ,A,ASP,39,3.1737368106842037,3.0262550827888512,3.6,3.7,-0.5262631893157961,-0.6737449172111489,-0.10000000000000007,0.5262631893157961,0.6737449172111489,0.10000000000000007,-0.42626318931579643,-0.5737449172111488,0.1474817278953524,0.42626318931579643,0.5737449172111488,0.1474817278953524
1BNZ,A,ASP,16,2.1865344047546387,2.632405801864444,2.62,3.7,-1.5134655952453615,-1.067594198135556,-1.08,1.5134655952453615,1.067594198135556,1.08,-0.43346559524536143,0.012405801864443955,-0.4458713971098054,0.43346559524536143,0.012405801864443955,0.4458713971098054
1LSE,A,ASP,87,2.989574193954468,2.023375212249189,2.07,3.7,-0.7104258060455324,-1.6766247877508111,-1.6300000000000003,0.7104258060455324,1.6766247877508111,1.6300000000000003,0.9195741939544684,-0.0466247877508108,0.9661989817052792,0.9195741939544684,0.0466247877508108,0.9661989817052792
1XNB,A,ASP,4,3.792670249938965,3.997544315522597,3.0,3.7,0.09267024993896468,0.29754431552259675,-0.7000000000000002,0.09267024993896468,0.29754431552259675,0.7000000000000002,0.7926702499389648,0.9975443155225969,-0.20487406558363208,0.7926702499389648,0.9975443155225969,0.20487406558363208
1BNZ,A,ASP,50,3.232499122619629,3.268062905442283,3.55,3.7,-0.4675008773803713,-0.4319370945577172,-0.15000000000000036,0.4675008773803713,0.4319370945577172,0.15000000000000036,-0.3175008773803709,-0.28193709455771687,-0.035563782822654044,0.3175008773803709,0.28193709455771687,0.035563782822654044
1HNG,A,ASP,28,3.0941357612609863,2.074501813791696,3.57,3.7,-0.6058642387390138,-1.6254981862083042,-0.13000000000000034,0.6058642387390138,1.6254981862083042,0.13000000000000034,-0.4758642387390135,-1.4954981862083039,1.0196339474692904,0.4758642387390135,1.4954981862083039,1.0196339474692904
1CDC,A,ASP,72,3.8724284172058105,4.8027491373439934,4.14,3.7,0.17242841720581034,1.1027491373439933,0.4399999999999995,0.17242841720581034,1.1027491373439933,0.4399999999999995,-0.26757158279418913,0.6627491373439938,-0.9303207201381829,0.26757158279418913,0.6627491373439938,0.9303207201381829
1B2X,A,ASP,8,2.4239747524261475,2.7581196267497705,3.1,3.7,-1.2760252475738527,-0.9418803732502296,-0.6000000000000001,1.2760252475738527,0.9418803732502296,0.6000000000000001,-0.6760252475738526,-0.3418803732502296,-0.33414487432362305,0.6760252475738526,0.3418803732502296,0.33414487432362305
1TRS,A,ASP,60,3.8688364028930655,2.2474108385546483,3.9,3.7,0.16883640289306626,-1.4525891614453519,0.19999999999999973,0.16883640289306626,1.4525891614453519,0.19999999999999973,-0.031163597106934393,-1.6525891614453516,1.6214255643384172,0.031163597106934393,1.6525891614453516,1.6214255643384172
1XNB,A,ASP,119,3.15140151977539,3.5685809664129002,3.2,3.7,-0.5485984802246096,-0.13141903358709994,-0.5,0.5485984802246096,0.13141903358709994,0.5,-0.04859848022461,0.36858096641290006,-0.41717944663751005,0.04859848022461,0.36858096641290006,0.41717944663751005
1QH7,A,ASP,15,2.824741840362549,1.9531732633901773,3.35,3.7,-0.8752581596374513,-1.7468267366098231,-0.3500000000000001,0.8752581596374513,1.7468267366098231,0.3500000000000001,-0.5252581596374513,-1.3968267366098228,0.8715685769723716,0.5252581596374513,1.3968267366098228,0.8715685769723716
1IGC,A,ASP,41,4.514420509338379,4.4111815603551765,3.9,3.7,0.8144205093383787,0.7111815603551772,0.19999999999999973,0.8144205093383787,0.7111815603551772,0.19999999999999973,0.614420509338379,0.5111815603551766,0.1032389489832024,0.614420509338379,0.5111815603551766,0.1032389489832024
1DIV,A,ASP,8,3.0018150806427,2.633844307119838,2.99,3.7,-0.6981849193573001,-1.0661556928801623,-0.71,0.6981849193573001,1.0661556928801623,0.71,0.011815080642699982,-0.35615569288016236,0.36797077352286234,0.011815080642699982,0.35615569288016236,0.36797077352286234
1BVI,B,ASP,29,4.373382091522217,4.4970074786129315,4.26,3.7,0.6733820915222166,0.7970074786129313,0.5599999999999996,0.6733820915222166,0.7970074786129313,0.5599999999999996,0.11338209152221701,0.2370074786129317,-0.12362538709071469,0.11338209152221701,0.2370074786129317,0.12362538709071469
1LNI,A,ASP,17,4.3532137870788565,4.568350853872337,3.72,3.7,0.6532137870788572,0.8683508538723368,0.020000000000000014,0.6532137870788572,0.8683508538723368,0.020000000000000014,0.6332137870788563,0.8483508538723368,-0.21513706679348044,0.6332137870788563,0.8483508538723368,0.21513706679348044
1STN,A,ASP,40,3.165715217590332,3.0221662299861425,3.87,3.7,-0.5342847824096681,-0.6778337700138577,0.16999999999999993,0.5342847824096681,0.6778337700138577,0.16999999999999993,-0.7042847824096681,-0.8478337700138576,0.14354898760418955,0.7042847824096681,0.8478337700138576,0.14354898760418955
1YGW,A,ASP,66,3.26727557182312,3.2975110559283034,3.9,3.7,-0.4327244281768801,-0.4024889440716968,0.19999999999999973,0.4327244281768801,0.4024889440716968,0.19999999999999973,-0.6327244281768798,-0.6024889440716965,-0.030235484105183286,0.6327244281768798,0.6024889440716965,0.030235484105183286
1LSE,A,ASP,52,3.6495003700256343,3.965176200546179,3.68,3.7,-0.05049962997436541,0.26517620054617863,-0.020000000000000014,0.05049962997436541,0.26517620054617863,0.020000000000000014,-0.03049962997436584,0.28517620054617865,-0.3156758305205445,0.03049962997436584,0.28517620054617865,0.3156758305205445
2QMT,A,ASP,40,3.617207527160645,2.9471184668478947,4.0,3.7,-0.08279247283935565,-0.7528815331521055,0.2999999999999998,0.08279247283935565,0.7528815331521055,0.2999999999999998,-0.382792472839355,-1.0528815331521053,0.6700890603127503,0.382792472839355,1.0528815331521053,0.6700890603127503
1EX3,A,ASP,194,4.580887794494629,2.034884787040056,2.29,3.7,0.8808877944946287,-1.665115212959944,-1.41,0.8808877944946287,1.665115212959944,1.41,2.290887794494629,-0.2551152129599439,2.5460030074545728,2.290887794494629,0.2551152129599439,2.5460030074545728
1CDC,A,ASP,26,2.991766929626465,3.3733768368704395,3.58,3.7,-0.7082330703735353,-0.32662316312956063,-0.1200000000000001,0.7082330703735353,0.32662316312956063,0.1200000000000001,-0.5882330703735352,-0.20662316312956053,-0.3816099072439747,0.5882330703735352,0.20662316312956053,0.3816099072439747
1EX3,A,ASP,102,4.267101287841797,5.62864696943792,1.36,3.7,0.5671012878417967,1.9286469694379198,-2.34,0.5671012878417967,1.9286469694379198,2.34,2.9071012878417966,4.26864696943792,-1.361545681596123,2.9071012878417966,4.26864696943792,1.361545681596123
1BPI,A,ASP,50,2.8098206520080566,2.1401697563311766,3.4,3.7,-0.8901793479919435,-1.5598302436688236,-0.3000000000000003,0.8901793479919435,1.5598302436688236,0.3000000000000003,-0.5901793479919433,-1.2598302436688233,0.6696508956768801,0.5901793479919433,1.2598302436688233,0.6696508956768801
1H4G,B,ASP,90,3.710362434387207,4.227260353939313,3.88,3.7,0.010362434387206855,0.5272603539393126,0.17999999999999972,0.010362434387206855,0.5272603539393126,0.17999999999999972,-0.16963756561279286,0.34726035393931287,-0.5168979195521057,0.16963756561279286,0.34726035393931287,0.5168979195521057
1XNB,A,ASP,11,3.1841912269592285,3.0283178683687524,2.5,3.7,-0.5158087730407717,-0.6716821316312478,-1.2000000000000002,0.5158087730407717,0.6716821316312478,1.2000000000000002,0.6841912269592285,0.5283178683687524,0.15587335859047613,0.6841912269592285,0.5283178683687524,0.15587335859047613
1QH7,A,ASP,5,3.553913354873657,3.006141659919469,3.84,3.7,-0.14608664512634295,-0.6938583400805314,0.13999999999999968,0.14608664512634295,0.6938583400805314,0.13999999999999968,-0.2860866451263431,-0.8338583400805311,0.547771694954188,0.2860866451263431,0.8338583400805311,0.547771694954188
1EGF,A,ASP,11,3.733164787292481,3.5368070560603417,3.9,3.7,0.033164787292480284,-0.16319294393965844,0.19999999999999973,0.033164787292480284,0.16319294393965844,0.19999999999999973,-0.166835212707519,-0.3631929439396582,0.19635773123213918,0.166835212707519,0.3631929439396582,0.19635773123213918
1IGC,A,ASP,27,2.346984624862671,1.8435590226833336,2.9,3.7,-1.3530153751373293,-1.8564409773166664,-0.8000000000000003,1.3530153751373293,1.8564409773166664,0.8000000000000003,-0.553015375137329,-1.0564409773166663,0.5034256021793373,0.553015375137329,1.0564409773166663,0.5034256021793373
2QMT,A,ASP,46,2.91372299194336,3.0331097016655417,3.6,3.7,-0.7862770080566408,-0.6668902983344585,-0.10000000000000007,0.7862770080566408,0.6668902983344585,0.10000000000000007,-0.6862770080566403,-0.5668902983344584,-0.1193867097221819,0.6862770080566403,0.5668902983344584,0.1193867097221819
1BVI,B,ASP,49,3.706237316131592,3.763820611296497,4.22,3.7,0.006237316131591618,0.06382061129649674,0.5199999999999996,0.006237316131591618,0.06382061129649674,0.5199999999999996,-0.513762683868408,-0.45617938870350283,-0.057583295164905124,0.513762683868408,0.45617938870350283,0.057583295164905124
1HNG,A,ASP,62,4.071856021881104,5.455510402307444,4.15,3.7,0.37185602188110334,1.7555104023074437,0.4500000000000002,0.37185602188110334,1.7555104023074437,0.4500000000000002,-0.07814397811889595,1.3055104023074433,-1.3836543804263393,0.07814397811889595,1.3055104023074433,1.3836543804263393
1KF3,A,ASP,121,3.680736541748047,2.5108766955369464,3.0,3.7,-0.019263458251953303,-1.1891233044630538,-0.7000000000000002,0.019263458251953303,1.1891233044630538,0.7000000000000002,0.6807365417480469,-0.48912330446305363,1.1698598462111005,0.6807365417480469,0.48912330446305363,1.1698598462111005
1BI6,H,ASP,13,3.8302936553955083,3.316484957427986,3.8,3.7,0.13029365539550766,-0.38351504257201396,0.09999999999999963,0.13029365539550766,0.38351504257201396,0.09999999999999963,0.030293655395508434,-0.4835150425720136,0.513808697967522,0.030293655395508434,0.4835150425720136,0.513808697967522
1TRS,A,ASP,16,4.305048942565918,4.051450177771502,4.2,3.7,0.6050489425659178,0.3514501777715022,0.5,0.6050489425659178,0.3514501777715022,0.5,0.10504894256591779,-0.14854982222849777,0.25359876479441557,0.10504894256591779,0.14854982222849777,0.25359876479441557
1ERT,A,ASP,26,7.118599891662598,7.95893033763333,9.9,3.7,3.418599891662597,4.2589303376333305,6.2,3.418599891662597,4.2589303376333305,6.2,-2.7814001083374027,-1.9410696623666706,-0.8403304459707321,2.7814001083374027,1.9410696623666706,0.8403304459707321
1KF3,A,ASP,38,3.076573610305786,2.813888844231456,2.1,3.7,-0.623426389694214,-0.8861111557685444,-1.6,0.623426389694214,0.8861111557685444,1.6,0.976573610305786,0.7138888442314557,0.26268476607433033,0.976573610305786,0.7138888442314557,0.26268476607433033
135L,A,ASP,18,2.8819751739501958,1.3994160116751146,2.68,3.7,-0.8180248260498049,-2.3005839883248846,-1.02,0.8180248260498049,2.3005839883248846,1.02,0.2019751739501956,-1.2805839883248855,1.482559162275081,0.2019751739501956,1.2805839883248855,1.482559162275081
1LNI,A,ASP,79,5.127148151397705,5.363442178639255,7.37,3.7,1.4271481513977051,1.6634421786392553,3.67,1.4271481513977051,1.6634421786392553,3.67,-2.242851848602295,-2.0065578213607447,-0.23629402724155035,2.242851848602295,2.0065578213607447,0.23629402724155035
1IG5,A,ASP,47,3.077691078186035,3.7243543940244783,3.04,3.7,-0.622308921813965,0.024354394024478143,-0.6600000000000001,0.622308921813965,0.024354394024478143,0.6600000000000001,0.03769107818603512,0.6843543940244783,-0.6466633158384432,0.03769107818603512,0.6843543940244783,0.6466633158384432
1CDC,A,ASP,62,3.359338521957397,3.686429132574651,4.15,3.7,-0.3406614780426027,-0.013570867425348965,0.4500000000000002,0.3406614780426027,0.013570867425348965,0.4500000000000002,-0.7906614780426033,-0.46357086742534914,-0.3270906106172542,0.7906614780426033,0.46357086742534914,0.3270906106172542
1ERT,A,ASP,61,4.517186641693115,4.076540186375515,5.3,3.7,0.8171866416931151,0.3765401863755145,1.5999999999999996,0.8171866416931151,0.3765401863755145,1.5999999999999996,-0.7828133583068846,-1.2234598136244852,0.4406464553176006,0.7828133583068846,1.2234598136244852,0.4406464553176006
1BVI,B,ASP,66,3.3960838317871094,3.026491854130204,3.9,3.7,-0.3039161682128908,-0.6735081458697962,0.19999999999999973,0.3039161682128908,0.6735081458697962,0.19999999999999973,-0.5039161682128905,-0.873508145869796,0.36959197765690543,0.5039161682128905,0.873508145869796,0.36959197765690543
1BI6,H,ASP,32,3.8233950138092037,3.053796516504916,3.1,3.7,0.12339501380920392,-0.6462034834950843,-0.6000000000000001,0.12339501380920392,0.6462034834950843,0.6000000000000001,0.7233950138092036,-0.046203483495084186,0.7695984973042878,0.7233950138092036,0.046203483495084186,0.7695984973042878
1HNG,A,ASP,72,3.4915611743927,4.1857177044190985,4.14,3.7,-0.2084388256073,0.4857177044190984,0.4399999999999995,0.2084388256073,0.4857177044190984,0.4399999999999995,-0.6484388256072995,0.04571770441909884,-0.6941565300263983,0.6484388256072995,0.04571770441909884,0.6941565300263983
1UBQ,A,ASP,32,3.6524367332458496,4.079748774501923,3.8,3.7,-0.04756326675415057,0.3797487745019232,0.09999999999999963,0.04756326675415057,0.3797487745019232,0.09999999999999963,-0.1475632667541502,0.2797487745019236,-0.4273120412560738,0.1475632667541502,0.2797487745019236,0.4273120412560738
1B2X,A,ASP,86,3.100365161895752,3.159099622880585,4.2,3.7,-0.5996348381042482,-0.540900377119415,0.5,0.5996348381042482,0.540900377119415,0.5,-1.0996348381042482,-1.040900377119415,-0.05873446098483326,1.0996348381042482,1.040900377119415,0.05873446098483326
1CDC,A,ASP,94,3.0601344108581543,3.059791011341681,3.87,3.7,-0.6398655891418459,-0.6402089886583191,0.16999999999999993,0.6398655891418459,0.6402089886583191,0.16999999999999993,-0.8098655891418458,-0.810208988658319,0.00034339951647321953,0.8098655891418458,0.810208988658319,0.00034339951647321953
4ICB,A,ASP,47,2.246528625488281,2.688004146486913,3.04,3.7,-1.4534713745117191,-1.011995853513087,-0.6600000000000001,1.4534713745117191,1.011995853513087,0.6600000000000001,-0.7934713745117192,-0.35199585351308693,-0.4414755209986323,0.7934713745117192,0.35199585351308693,0.4414755209986323
1YGW,A,ASP,15,3.2214534282684326,2.7875825124478464,3.52,3.7,-0.4785465717315676,-0.9124174875521538,-0.18000000000000016,0.4785465717315676,0.9124174875521538,0.18000000000000016,-0.2985465717315674,-0.7324174875521536,0.43387091582058623,0.2985465717315674,0.7324174875521536,0.43387091582058623
1LNI,A,ASP,93,3.3882660865783687,3.4774267577806364,3.09,3.7,-0.31173391342163104,-0.2225732422193638,-0.6100000000000003,0.31173391342163104,0.2225732422193638,0.6100000000000003,0.29826608657836884,0.3874267577806365,-0.08916067120226767,0.29826608657836884,0.3874267577806365,0.08916067120226767
1BNI,B,ASP,8,3.409829378128052,2.8677272412085624,3.1,3.7,-0.2901706218719484,-0.8322727587914378,-0.6000000000000001,0.2901706218719484,0.8322727587914378,0.6000000000000001,0.3098293781280521,-0.23227275879143772,0.5421021369194898,0.3098293781280521,0.23227275879143772,0.5421021369194898
1DIV,A,ASP,23,3.490077495574951,3.061467842269628,3.05,3.7,-0.20992250442504898,-0.6385321577303721,-0.6500000000000004,0.20992250442504898,0.6385321577303721,0.6500000000000004,0.44007749557495135,0.011467842269628381,0.42860965330532297,0.44007749557495135,0.011467842269628381,0.42860965330532297
1UBQ,A,ASP,58,3.1676270961761475,2.7170380829522816,3.6,3.7,-0.5323729038238527,-0.9829619170477186,-0.10000000000000007,0.5323729038238527,0.9829619170477186,0.10000000000000007,-0.43237290382385263,-0.8829619170477185,0.4505890132238659,0.43237290382385263,0.8829619170477185,0.4505890132238659
1TRS,A,ASP,20,2.4273245334625244,3.038373747075502,3.8,3.7,-1.2726754665374758,-0.6616262529244992,0.09999999999999963,1.2726754665374758,0.6616262529244992,0.09999999999999963,-1.3726754665374754,-0.7616262529244979,-0.6110492136129775,1.3726754665374754,0.7616262529244979,0.6110492136129775
1A91,A,ASP,61,4.761972427368164,4.581524936601476,7.1,3.7,1.061972427368164,0.8815249366014761,3.3999999999999995,1.061972427368164,0.8815249366014761,3.3999999999999995,-2.3380275726318356,-2.5184750633985233,0.18044749076668776,2.3380275726318356,2.5184750633985233,0.18044749076668776
1LZ3,A,ASP,119,2.63012957572937,1.7809502493041132,3.35,3.7,-1.06987042427063,-1.919049750695887,-0.3500000000000001,1.06987042427063,1.919049750695887,0.3500000000000001,-0.71987042427063,-1.569049750695887,0.849179326425257,0.71987042427063,1.569049750695887,0.849179326425257
1BNI,B,ASP,86,3.246802568435669,3.3515760549503546,4.2,3.7,-0.4531974315643312,-0.3484239450496456,0.5,0.4531974315643312,0.3484239450496456,0.5,-0.9531974315643312,-0.8484239450496456,-0.10477348651468565,0.9531974315643312,0.8484239450496456,0.10477348651468565
1BI6,H,ASP,38,3.5262451171875,3.944971168311116,3.7,3.7,-0.17375488281250018,0.24497116831111576,0.0,0.17375488281250018,0.24497116831111576,0.0,-0.17375488281250018,0.24497116831111576,-0.41872605112361594,0.17375488281250018,0.24497116831111576,0.41872605112361594
1YGW,A,ASP,3,3.1108298301696777,2.76310432537822,3.54,3.7,-0.5891701698303224,-0.93689567462178,-0.16000000000000014,0.5891701698303224,0.93689567462178,0.16000000000000014,-0.4291701698303223,-0.7768956746217799,0.3477255047914576,0.4291701698303223,0.7768956746217799,0.3477255047914576
1LSE,A,ASP,18,2.8697547912597656,2.032886214766136,2.66,3.7,-0.8302452087402346,-1.6671137852338642,-1.04,0.8302452087402346,1.6671137852338642,1.04,0.20975479125976548,-0.6271137852338642,0.8368685764936297,0.20975479125976548,0.6271137852338642,0.8368685764936297
1HNG,A,ASP,2,2.7487971782684326,3.2339978471742614,3.55,3.7,-0.9512028217315676,-0.4660021528257388,-0.15000000000000036,0.9512028217315676,0.4660021528257388,0.15000000000000036,-0.8012028217315672,-0.3160021528257384,-0.4852006689058288,0.8012028217315672,0.3160021528257384,0.4852006689058288
1IGC,A,ASP,51,2.582165002822876,2.94794785302706,3.6,3.7,-1.1178349971771242,-0.7520521469729404,-0.10000000000000007,1.1178349971771242,0.7520521469729404,0.10000000000000007,-1.0178349971771241,-0.6520521469729399,-0.3657828502041842,1.0178349971771241,0.6520521469729399,0.3657828502041842
1TRS,A,ASP,64,2.512885570526123,2.716151620981164,3.2,3.7,-1.1871144294738771,-0.9838483790188364,-0.5,1.1871144294738771,0.9838483790188364,0.5,-0.6871144294738771,-0.48384837901883637,-0.20326605045504076,0.6871144294738771,0.48384837901883637,0.20326605045504076
1TRS,A,ASP,61,4.157482624053955,3.7410343930104064,5.2,3.7,0.4574826240539549,0.04103439301040624,1.5,0.4574826240539549,0.04103439301040624,1.5,-1.042517375946045,-1.4589656069895938,0.41644823104354867,1.042517375946045,1.4589656069895938,0.41644823104354867
1B2X,A,ASP,44,4.0203161239624015,3.9702824351897377,3.6,3.7,0.32031612396240217,0.2702824351897375,-0.10000000000000007,0.32031612396240217,0.2702824351897375,0.10000000000000007,0.42031612396240137,0.3702824351897376,0.05003368877266379,0.42031612396240137,0.3702824351897376,0.05003368877266379
1HNG,A,ASP,26,2.8381328582763667,3.1280032634688104,3.58,3.7,-0.861867141723633,-0.5719967365311898,-0.1200000000000001,0.861867141723633,0.5719967365311898,0.1200000000000001,-0.7418671417236333,-0.45199673653118966,-0.28987040519244367,0.7418671417236333,0.45199673653118966,0.28987040519244367
1SAP,A,ASP,56,3.468756675720215,3.573800292354666,3.35,3.7,-0.2312433242797853,-0.12619970764533406,-0.3500000000000001,0.2312433242797853,0.12619970764533406,0.3500000000000001,0.11875667572021475,0.22380029235466603,-0.10504361663445128,0.11875667572021475,0.22380029235466603,0.10504361663445128
1H4G,B,ASP,12,3.5862205028533936,3.2754184128511383,3.94,3.7,-0.11377949714660662,-0.42458158714886185,0.23999999999999974,0.11377949714660662,0.42458158714886185,0.23999999999999974,-0.3537794971466064,-0.6645815871488616,0.3108020900022552,0.3537794971466064,0.6645815871488616,0.3108020900022552
1LNI,A,ASP,1,3.6268954277038574,4.183682954365121,3.44,3.7,-0.07310457229614276,0.4836829543651211,-0.26000000000000023,0.07310457229614276,0.4836829543651211,0.26000000000000023,0.18689542770385748,0.7436829543651213,-0.5567875266612639,0.18689542770385748,0.7436829543651213,0.5567875266612639
1BPI,A,ASP,3,3.484959840774536,3.039456736264804,3.0,3.7,-0.21504015922546404,-0.6605432637351961,-0.7000000000000002,0.21504015922546404,0.6605432637351961,0.7000000000000002,0.48495984077453613,0.03945673626480417,0.44550310450973196,0.48495984077453613,0.03945673626480417,0.44550310450973196
1A91,A,ASP,7,4.275984764099121,4.4490814752255545,5.6,3.7,0.5759847640991209,0.7490814752255543,1.8999999999999997,0.5759847640991209,0.7490814752255543,1.8999999999999997,-1.3240152359008786,-1.1509185247744451,-0.17309671112643343,1.3240152359008786,1.1509185247744451,0.17309671112643343
1ERT,A,ASP,58,3.162525415420532,4.702285722258932,3.1,3.7,-0.537474584579468,1.0022857222589314,-0.6000000000000001,0.537474584579468,1.0022857222589314,0.6000000000000001,0.0625254154205317,1.6022857222589315,-1.5397603068383998,0.0625254154205317,1.6022857222589315,1.5397603068383998
1ERT,A,ASP,64,2.734102964401245,2.732596934652708,3.1,3.7,-0.9658970355987552,-0.967403065347292,-0.6000000000000001,0.9658970355987552,0.967403065347292,0.6000000000000001,-0.36589703559875497,-0.36740306534729195,0.0015060297485369745,0.36589703559875497,0.36740306534729195,0.0015060297485369745
1HNG,A,ASP,71,3.3809499740600586,2.9246415902215657,3.18,3.7,-0.3190500259399416,-0.7753584097784345,-0.52,0.3190500259399416,0.7753584097784345,0.52,0.20094997406005843,-0.2553584097784345,0.4563083838384929,0.20094997406005843,0.2553584097784345,0.4563083838384929
1SAP,A,ASP,49,3.3597612380981445,3.1833886349631464,3.55,3.7,-0.34023876190185565,-0.5166113650368538,-0.15000000000000036,0.34023876190185565,0.5166113650368538,0.15000000000000036,-0.1902387619018553,-0.36661136503685343,0.17637260313499814,0.1902387619018553,0.36661136503685343,0.17637260313499814
1GB1,A,ASP,46,3.1153531074523926,2.971203062336897,3.6,3.7,-0.5846468925476076,-0.7287969376631032,-0.10000000000000007,0.5846468925476076,0.7287969376631032,0.10000000000000007,-0.4846468925476075,-0.6287969376631031,0.14415004511549556,0.4846468925476075,0.6287969376631031,0.14415004511549556
2IGH,A,ASP,41,3.780350685119629,4.224963237373072,3.9,3.7,0.08035068511962873,0.5249632373730719,0.19999999999999973,0.08035068511962873,0.5249632373730719,0.19999999999999973,-0.119649314880371,0.3249632373730722,-0.4446125522534432,0.119649314880371,0.3249632373730722,0.4446125522534432
1LSE,A,ASP,48,2.9067461490631104,1.9085270309101965,1.6,3.7,-0.7932538509368898,-1.7914729690898037,-2.1,0.7932538509368898,1.7914729690898037,2.1,1.3067461490631103,0.3085270309101964,0.9982191181529139,1.3067461490631103,0.3085270309101964,0.9982191181529139
1YPH,C,ASP,102,2.968451023101806,3.66549832397414,2.77,3.7,-0.7315489768981935,-0.034501676025860295,-0.9300000000000002,0.7315489768981935,0.034501676025860295,0.9300000000000002,0.19845102310180618,0.8954983239741399,-0.6970473008723337,0.19845102310180618,0.8954983239741399,0.6970473008723337
2IGH,A,ASP,52,3.40231728553772,3.7498431872485103,3.4,3.7,-0.29768271446228045,0.04984318724851011,-0.3000000000000003,0.29768271446228045,0.04984318724851011,0.3000000000000003,0.0023172855377202595,0.3498431872485104,-0.3475259017107901,0.0023172855377202595,0.3498431872485104,0.3475259017107901
1BVI,B,ASP,3,3.3775246143341064,3.0815813620517085,3.54,3.7,-0.3224753856658937,-0.6184186379482917,-0.16000000000000014,0.3224753856658937,0.6184186379482917,0.16000000000000014,-0.1624753856658936,-0.4584186379482915,0.29594325228239793,0.1624753856658936,0.4584186379482915,0.29594325228239793
1CDC,A,ASP,28,2.7691419124603267,3.1661149669541166,3.57,3.7,-0.930858087539673,-0.5338850330458835,-0.13000000000000034,0.930858087539673,0.5338850330458835,0.13000000000000034,-0.8008580875396731,-0.4038850330458832,-0.39697305449378995,0.8008580875396731,0.4038850330458832,0.39697305449378995
1B2X,A,ASP,12,3.6673693656921382,3.756171381235163,3.8,3.7,-0.032630634307861506,0.05617138123516297,0.09999999999999963,0.032630634307861506,0.05617138123516297,0.09999999999999963,-0.1326306343078616,-0.04382861876483668,-0.08880201554302491,0.1326306343078616,0.04382861876483668,0.08880201554302491
1GB1,A,ASP,40,3.0750551223754883,3.2501800709995003,4.0,3.7,-0.6249448776245119,-0.44981992900049983,0.2999999999999998,0.6249448776245119,0.44981992900049983,0.2999999999999998,-0.9249448776245117,-0.7498199290004997,-0.17512494862401207,0.9249448776245117,0.7498199290004997,0.17512494862401207
1LZ3,A,ASP,52,4.358566284179688,4.450437967842111,3.78,3.7,0.6585662841796873,0.7504379678421111,0.07999999999999963,0.6585662841796873,0.7504379678421111,0.07999999999999963,0.5785662841796886,0.6704379678421115,-0.09187168366242293,0.5785662841796886,0.6704379678421115,0.09187168366242293
2OVO,A,ASP,7,2.854377031326294,2.665213276512912,2.67,3.7,-0.8456229686737062,-1.034786723487088,-1.0300000000000002,0.8456229686737062,1.034786723487088,1.0300000000000002,0.18437703132629402,-0.004786723487087752,0.18916375481338177,0.18437703132629402,0.004786723487087752,0.18916375481338177
1GB1,A,ASP,47,3.704585313796997,2.8305263128569584,3.4,3.7,0.004585313796996893,-0.8694736871430417,-0.3000000000000003,0.004585313796996893,0.8694736871430417,0.3000000000000003,0.30458531379699716,-0.5694736871430415,0.8740590009400386,0.30458531379699716,0.5694736871430415,0.8740590009400386
1B2X,A,ASP,75,4.254338264465332,3.9917450547947633,3.1,3.7,0.5543382644653319,0.2917450547947631,-0.6000000000000001,0.5543382644653319,0.2917450547947631,0.6000000000000001,1.154338264465332,0.8917450547947632,0.26259320967056876,1.154338264465332,0.8917450547947632,0.26259320967056876
1ERT,A,ASP,60,3.8431437015533447,2.5224103335216137,4.2,3.7,0.14314370155334455,-1.1775896664783865,0.5,0.14314370155334455,1.1775896664783865,0.5,-0.35685629844665545,-1.6775896664783865,1.320733368031731,0.35685629844665545,1.6775896664783865,1.320733368031731
1DE3,A,ASP,59,2.7924695014953613,3.0620042687697224,4.1,3.7,-0.9075304985046388,-0.6379957312302778,0.39999999999999947,0.9075304985046388,0.6379957312302778,0.39999999999999947,-1.3075304985046383,-1.0379957312302772,-0.2695347672743611,1.3075304985046383,1.0379957312302772,0.2695347672743611
1SAP,A,ASP,35,3.1577024459838867,2.3293133505261685,3.42,3.7,-0.5422975540161135,-1.3706866494738317,-0.28000000000000025,0.5422975540161135,1.3706866494738317,0.28000000000000025,-0.2622975540161132,-1.0906866494738314,0.8283890954577182,0.2622975540161132,1.0906866494738314,0.8283890954577182
1QH7,A,ASP,21,3.1705334186553955,2.641023658951648,3.46,3.7,-0.5294665813446047,-1.0589763410483521,-0.2400000000000002,0.5294665813446047,1.0589763410483521,0.2400000000000002,-0.28946658134460446,-0.8189763410483519,0.5295097597037475,0.28946658134460446,0.8189763410483519,0.5295097597037475
1SAP,A,ASP,16,2.7048707008361816,2.1407267409145034,2.89,3.7,-0.9951292991638184,-1.5592732590854967,-0.81,0.9951292991638184,1.5592732590854967,0.81,-0.18512929916381848,-0.7492732590854967,0.5641439599216782,0.18512929916381848,0.7492732590854967,0.5641439599216782
1HIC,A,ASP,5,3.1936373710632324,3.5676507271667006,4.25,3.7,-0.5063626289367678,-0.13234927283329956,0.5499999999999998,0.5063626289367678,0.13234927283329956,0.5499999999999998,-1.0563626289367676,-0.6823492728332994,-0.3740133561034682,1.0563626289367676,0.6823492728332994,0.3740133561034682
1UBQ,A,ASP,52,2.501883745193481,1.027913566605795,3.4,3.7,-1.1981162548065187,-2.672086433394205,-0.3000000000000003,1.1981162548065187,2.672086433394205,0.3000000000000003,-0.8981162548065189,-2.372086433394205,1.473970178587686,0.8981162548065189,2.372086433394205,1.473970178587686
1CDC,A,ASP,25,3.1689362525939937,3.3878217255564342,3.53,3.7,-0.531063747406006,-0.31217827444356594,-0.17000000000000035,0.531063747406006,0.31217827444356594,0.17000000000000035,-0.3610637474060061,-0.14217827444356557,-0.21888547296244054,0.3610637474060061,0.14217827444356557,0.21888547296244054
2ZTA,A,ASP,7,4.0058627128601065,3.8869194431915153,3.48,3.7,0.30586271286010724,0.1869194431915151,-0.2200000000000002,0.30586271286010724,0.1869194431915151,0.2200000000000002,0.5258627128601066,0.4069194431915153,0.11894326966859126,0.5258627128601066,0.4069194431915153,0.11894326966859126
1BI6,H,ASP,9,3.482300281524658,3.83293252337581,3.0,3.7,-0.217699718475342,0.13293252337580966,-0.7000000000000002,0.217699718475342,0.13293252337580966,0.7000000000000002,0.4823002815246582,0.8329325233758098,-0.3506322418511516,0.4823002815246582,0.8329325233758098,0.3506322418511516
2IGH,A,ASP,51,3.0869593620300293,2.4017294207062205,3.6,3.7,-0.6130406379699709,-1.2982705792937796,-0.10000000000000007,0.6130406379699709,1.2982705792937796,0.10000000000000007,-0.5130406379699708,-1.1982705792937796,0.6852299413238088,0.5130406379699708,1.1982705792937796,0.6852299413238088
1QH7,A,ASP,90,3.8278541564941406,3.793865628710487,3.88,3.7,0.12785415649414045,0.09386562871048687,0.17999999999999972,0.12785415649414045,0.09386562871048687,0.17999999999999972,-0.05214584350585927,-0.08613437128951285,0.03398852778365358,0.05214584350585927,0.08613437128951285,0.03398852778365358
1H4G,B,ASP,5,3.586166381835937,3.0202015443425005,3.84,3.7,-0.11383361816406268,-0.6797984556574996,0.13999999999999968,0.11383361816406268,0.6797984556574996,0.13999999999999968,-0.2538336181640628,-0.8197984556574993,0.5659648374934365,0.2538336181640628,0.8197984556574993,0.5659648374934365
1DE3,A,ASP,57,3.821593761444092,2.7627707603737988,4.3,3.7,0.12159376144409162,-0.9372292396262014,0.5999999999999996,0.12159376144409162,0.9372292396262014,0.5999999999999996,-0.478406238555908,-1.537229239626201,1.058823001070293,0.478406238555908,1.537229239626201,1.058823001070293
1DE3,A,ASP,9,3.733500003814697,1.979276424933151,3.9,3.7,0.03350000381469709,-1.7207235750668493,0.19999999999999973,0.03350000381469709,1.7207235750668493,0.19999999999999973,-0.1664999961853031,-1.920723575066849,1.754223578881546,0.1664999961853031,1.920723575066849,1.754223578881546
1LZ3,A,ASP,18,3.0334794521331787,1.4246441291367402,2.68,3.7,-0.6665205478668215,-2.2753558708632595,-1.02,0.6665205478668215,2.2753558708632595,1.02,0.35347945213317855,-1.25535587086326,1.6088353229964385,0.35347945213317855,1.25535587086326,1.6088353229964385
1BHC,J,ASP,3,3.278303384780884,3.0786162554183933,3.0,3.7,-0.4216966152191164,-0.6213837445816068,-0.7000000000000002,0.4216966152191164,0.6213837445816068,0.7000000000000002,0.2783033847808838,0.07861625541839334,0.19968712936249045,0.2783033847808838,0.07861625541839334,0.19968712936249045
1A91,A,ASP,44,3.5975589752197266,3.7697055885169495,5.6,3.7,-0.10244102478027363,0.0697055885169493,1.8999999999999997,0.10244102478027363,0.0697055885169493,1.8999999999999997,-2.002441024780273,-1.8302944114830502,-0.17214661329722292,2.002441024780273,1.8302944114830502,0.17214661329722292
1HIC,A,ASP,33,3.447349071502685,3.84277898193745,4.24,3.7,-0.25265092849731463,0.14277898193744987,0.54,0.25265092849731463,0.14277898193744987,0.54,-0.7926509284973151,-0.39722101806255017,-0.39542991043476494,0.7926509284973151,0.39722101806255017,0.39542991043476494
1BNI,B,ASP,12,3.981667518615722,4.017384296916166,3.8,3.7,0.2816675186157225,0.31738429691616604,0.09999999999999963,0.2816675186157225,0.31738429691616604,0.09999999999999963,0.1816675186157224,0.21738429691616634,-0.03571677830044395,0.1816675186157224,0.21738429691616634,0.03571677830044395
1FNA,A,ASP,67,2.3737142086029053,3.509726930978829,4.2,3.7,-1.3262857913970951,-0.19027306902117136,0.5,1.3262857913970951,0.19027306902117136,0.5,-1.826285791397095,-0.6902730690211714,-1.1360127223759235,1.826285791397095,0.6902730690211714,1.1360127223759235
2QMT,A,ASP,22,2.1381912231445312,2.0900363950011984,2.9,3.7,-1.5618087768554691,-1.6099636049988018,-0.8000000000000003,1.5618087768554691,1.6099636049988018,0.8000000000000003,-0.7618087768554687,-0.8099636049988015,0.04815482814333283,0.7618087768554687,0.8099636049988015,0.04815482814333283
2IGH,A,ASP,45,3.8333873748779297,3.2140838474073496,4.4,3.7,0.1333873748779295,-0.4859161525926505,0.7000000000000002,0.1333873748779295,0.4859161525926505,0.7000000000000002,-0.5666126251220707,-1.1859161525926507,0.61930352747058,0.5666126251220707,1.1859161525926507,0.61930352747058
1DE3,A,ASP,109,2.6609973907470703,2.8676061607532346,3.7,3.7,-1.03900260925293,-0.8323938392467656,0.0,1.03900260925293,0.8323938392467656,0.0,-1.0390026092529299,-0.8323938392467656,-0.2066087700061643,1.0390026092529299,0.8323938392467656,0.2066087700061643
1BNZ,A,ASP,35,2.764900922775269,1.868446939568453,2.67,3.7,-0.9350990772247316,-1.8315530604315469,-1.0300000000000002,0.9350990772247316,1.8315530604315469,1.0300000000000002,0.09490092277526907,-0.8015530604315468,0.8964539832068159,0.09490092277526907,0.8015530604315468,0.8964539832068159
1H4G,B,ASP,21,3.009074687957764,2.728104062242899,3.46,3.7,-0.6909253120422365,-0.9718959377571011,-0.2400000000000002,0.6909253120422365,0.9718959377571011,0.2400000000000002,-0.45092531204223585,-0.731895937757101,0.2809706257148652,0.45092531204223585,0.731895937757101,0.2809706257148652
2OVO,A,ASP,27,3.4099025726318364,4.958878794076862,2.3,3.7,-0.29009742736816424,1.2588787940768622,-1.4000000000000004,0.29009742736816424,1.2588787940768622,1.4000000000000004,1.1099025726318366,2.6588787940768626,-1.548976221445026,1.1099025726318366,2.6588787940768626,1.548976221445026
1XNB,A,ASP,121,3.455024003982544,3.3404613048286644,3.6,3.7,-0.24497599601745626,-0.3595386951713357,-0.10000000000000007,0.24497599601745626,0.3595386951713357,0.10000000000000007,-0.14497599601745614,-0.25953869517133565,0.11456269915387951,0.14497599601745614,0.25953869517133565,0.11456269915387951
1XNB,A,ASP,106,4.359176635742188,3.5583842171987117,2.7,3.7,0.6591766357421873,-0.1416157828012885,-1.0,0.6591766357421873,0.1416157828012885,1.0,1.6591766357421882,0.8583842171987115,0.8007924185434767,1.6591766357421882,0.8583842171987115,0.8007924185434767
1BNI,B,ASP,44,3.469942331314087,3.8289580295235233,3.6,3.7,-0.2300576686859133,0.1289580295235231,-0.10000000000000007,0.2300576686859133,0.1289580295235231,0.10000000000000007,-0.13005766868591317,0.22895802952352318,-0.35901569820943635,0.13005766868591317,0.22895802952352318,0.35901569820943635
2QMT,A,ASP,47,3.3403124809265137,2.5660981996786947,3.4,3.7,-0.3596875190734865,-1.1339018003213055,-0.3000000000000003,0.3596875190734865,1.1339018003213055,0.3000000000000003,-0.05968751907348624,-0.8339018003213052,0.774214281247819,0.05968751907348624,0.8339018003213052,0.774214281247819
1SAP,A,ASP,36,3.1249899864196777,2.9672459476975184,3.12,3.7,-0.5750100135803224,-0.7327540523024818,-0.5800000000000001,0.5750100135803224,0.7327540523024818,0.5800000000000001,0.004989986419677628,-0.15275405230248174,0.15774403872215936,0.004989986419677628,0.15275405230248174,0.15774403872215936
2IGH,A,ASP,27,2.83190655708313,2.023994717616536,2.9,3.7,-0.8680934429168703,-1.676005282383464,-0.8000000000000003,0.8680934429168703,1.676005282383464,0.8000000000000003,-0.06809344291687003,-0.8760052823834639,0.8079118394665938,0.06809344291687003,0.8760052823834639,0.8079118394665938
1DE3,A,ASP,75,2.3888192176818848,2.4318125881212524,3.9,3.7,-1.3111807823181154,-1.2681874118787475,0.19999999999999973,1.3111807823181154,1.2681874118787475,0.19999999999999973,-1.5111807823181151,-1.4681874118787475,-0.042993370439367684,1.5111807823181151,1.4681874118787475,0.042993370439367684
1BNI,B,ASP,22,3.371346473693848,3.397607885160467,3.3,3.7,-0.3286535263061525,-0.3023921148395332,-0.4000000000000004,0.3286535263061525,0.3023921148395332,0.4000000000000004,0.07134647369384828,0.09760788516046714,-0.026261411466618867,0.07134647369384828,0.09760788516046714,0.026261411466618867
1B2X,A,ASP,22,3.829900026321411,3.728281206313657,3.3,3.7,0.12990002632141096,0.028281206313656607,-0.4000000000000004,0.12990002632141096,0.028281206313656607,0.4000000000000004,0.5299000263214113,0.42828120631365696,0.10161882000775435,0.5299000263214113,0.42828120631365696,0.10161882000775435
1LSE,A,ASP,101,4.049618721008302,4.1296055759015715,4.09,3.7,0.3496187210083006,0.4296055759015713,0.3899999999999997,0.3496187210083006,0.4296055759015713,0.3899999999999997,-0.04038127899169819,0.039605575901571655,-0.07998685489326984,0.04038127899169819,0.039605575901571655,0.07998685489326984
1HNG,A,ASP,94,2.4573798179626465,2.891502904268676,3.87,3.7,-1.2426201820373537,-0.8084970957313242,0.16999999999999993,1.2426201820373537,0.8084970957313242,0.16999999999999993,-1.4126201820373536,-0.9784970957313242,-0.43412308630602947,1.4126201820373536,0.9784970957313242,0.43412308630602947
1BVI,B,ASP,15,3.824460506439209,3.073337467240817,3.52,3.7,0.1244605064392088,-0.6266625327591829,-0.18000000000000016,0.1244605064392088,0.6266625327591829,0.18000000000000016,0.30446050643920897,-0.4466625327591829,0.7511230391983919,0.30446050643920897,0.4466625327591829,0.7511230391983919
1EGF,A,ASP,27,3.9941234588623047,3.9766415027656383,4.0,3.7,0.2941234588623045,0.2766415027656381,0.2999999999999998,0.2941234588623045,0.2766415027656381,0.2999999999999998,-0.0058765411376953125,-0.023358497234361675,0.017481956096666362,0.0058765411376953125,0.023358497234361675,0.017481956096666362
1DE3,A,ASP,85,3.1274890899658203,3.292700549595992,3.8,3.7,-0.5725109100341799,-0.4072994504040084,0.09999999999999963,0.5725109100341799,0.4072994504040084,0.09999999999999963,-0.6725109100341795,-0.507299450404008,-0.16521145963017148,0.6725109100341795,0.507299450404008,0.16521145963017148
135L,A,ASP,52,4.705700874328613,4.281022439914956,3.78,3.7,1.0057008743286129,0.5810224399149561,0.07999999999999963,1.0057008743286129,0.5810224399149561,0.07999999999999963,0.9257008743286135,0.5010224399149563,0.42467843441365716,0.9257008743286135,0.5010224399149563,0.42467843441365716
1KF3,A,ASP,53,4.3750081062316895,3.646845669272536,3.7,3.7,0.6750081062316893,-0.05315433072746467,0.0,0.6750081062316893,0.05315433072746467,0.0,0.6750081062316893,-0.05315433072746423,0.7281624369591535,0.6750081062316893,0.05315433072746423,0.7281624369591535
1EGF,A,ASP,40,3.197093963623047,3.3505146245699198,3.6,3.7,-0.5029060363769533,-0.3494853754300804,-0.10000000000000007,0.5029060363769533,0.3494853754300804,0.10000000000000007,-0.4029060363769532,-0.24948537543008031,-0.1534206609468729,0.4029060363769532,0.24948537543008031,0.1534206609468729
1LSE,A,ASP,119,2.848717212677002,2.806026572539392,3.2,3.7,-0.8512827873229982,-0.8939734274606081,-0.5,0.8512827873229982,0.8939734274606081,0.5,-0.3512827873229982,-0.39397342746060815,0.042690640137609925,0.3512827873229982,0.39397342746060815,0.042690640137609925
1YGW,A,ASP,29,3.6850125789642334,4.4182112478386255,4.26,3.7,-0.014987421035766781,0.7182112478386253,0.5599999999999996,0.014987421035766781,0.7182112478386253,0.5599999999999996,-0.5749874210357664,0.15821124783862572,-0.7331986688743921,0.5749874210357664,0.15821124783862572,0.7331986688743921
1ERT,A,ASP,16,4.196972370147705,4.04107039565471,3.7,3.7,0.4969723701477049,0.3410703956547101,0.0,0.4969723701477049,0.3410703956547101,0.0,0.4969723701477049,0.3410703956547101,0.1559019744929948,0.4969723701477049,0.3410703956547101,0.1559019744929948
1BHC,J,ASP,50,3.252056121826172,2.210900361765865,3.4,3.7,-0.4479438781738283,-1.4890996382341353,-0.3000000000000003,0.4479438781738283,1.4890996382341353,0.3000000000000003,-0.14794387817382804,-1.189099638234135,1.041155760060307,0.14794387817382804,1.189099638234135,1.041155760060307
1H4G,B,ASP,15,3.9347825050354,2.2216331558033686,3.35,3.7,0.2347825050354002,-1.4783668441966316,-0.3500000000000001,0.2347825050354002,1.4783668441966316,0.3500000000000001,0.5847825050353999,-1.1283668441966315,1.7131493492320313,0.5847825050353999,1.1283668441966315,1.7131493492320313
1GB1,A,ASP,22,2.50842547416687,2.1271432624492843,2.9,3.7,-1.1915745258331298,-1.5728567375507159,-0.8000000000000003,1.1915745258331298,1.5728567375507159,0.8000000000000003,-0.3915745258331298,-0.7728567375507156,0.3812822117175858,0.3915745258331298,0.7728567375507156,0.3812822117175858
1YGW,A,ASP,49,3.4270193576812744,3.985655267635227,4.22,3.7,-0.27298064231872576,0.28565526763522664,0.5199999999999996,0.27298064231872576,0.28565526763522664,0.5199999999999996,-0.7929806423187253,-0.23434473236477293,-0.5586359099539524,0.7929806423187253,0.23434473236477293,0.5586359099539524
135L,A,ASP,119,2.548750400543213,1.7204111772851842,3.35,3.7,-1.1512495994567873,-1.979588822714816,-0.3500000000000001,1.1512495994567873,1.979588822714816,0.3500000000000001,-0.8012495994567872,-1.6295888227148159,0.8283392232580287,0.8012495994567872,1.6295888227148159,0.8283392232580287
1QH7,A,ASP,12,2.785756349563598,3.2339050846849893,3.94,3.7,-0.9142436504364015,-0.4660949153150109,0.23999999999999974,0.9142436504364015,0.4660949153150109,0.23999999999999974,-1.1542436504364018,-0.7060949153150107,-0.4481487351213911,1.1542436504364018,0.7060949153150107,0.4481487351213911
