PDB ID,Chain,Res Name,Res ID,Pre pKa,Cal pKa,Expt pKa,model pKa,Pre pKa shift,Cal pKa shift,Expt pKa shift,|Pre pKa shift|,|Cal pKa shift|,|Expt pKa shift|,Pre - Expt pKa,Cal - Expt pKa,Pre - Cal pKa,|Pre - Expt pKa|,|Cal - Expt pKa|,|Pre - Cal pKa|
1EX3,A,ASP,102,4.267101287841797,5.62864696943792,1.36,3.7,0.5671012878417967,1.9286469694379198,-2.34,0.5671012878417967,1.9286469694379198,2.34,2.9071012878417966,4.26864696943792,-1.361545681596123,2.9071012878417966,4.26864696943792,1.361545681596123
1ERT,A,ASP,26,7.118599891662598,7.95893033763333,9.9,3.7,3.418599891662597,4.2589303376333305,6.2,3.418599891662597,4.2589303376333305,6.2,-2.7814001083374027,-1.9410696623666706,-0.8403304459707321,2.7814001083374027,1.9410696623666706,0.8403304459707321
1LNI,A,ASP,79,5.127148151397705,5.363442178639255,7.37,3.7,1.4271481513977051,1.6634421786392553,3.67,1.4271481513977051,1.6634421786392553,3.67,-2.242851848602295,-2.0065578213607447,-0.23629402724155035,2.242851848602295,2.0065578213607447,0.23629402724155035
1A91,A,ASP,61,4.761972427368164,4.581524936601476,7.1,3.7,1.061972427368164,0.8815249366014761,3.3999999999999995,1.061972427368164,0.8815249366014761,3.3999999999999995,-2.3380275726318356,-2.5184750633985233,0.18044749076668776,2.3380275726318356,2.5184750633985233,0.18044749076668776
1LSE,A,ASP,48,2.9067461490631104,1.9085270309101965,1.6,3.7,-0.7932538509368898,-1.7914729690898037,-2.1,0.7932538509368898,1.7914729690898037,2.1,1.3067461490631103,0.3085270309101964,0.9982191181529139,1.3067461490631103,0.3085270309101964,0.9982191181529139
1LSE,A,ASP,87,2.989574193954468,2.023375212249189,2.07,3.7,-0.7104258060455324,-1.6766247877508111,-1.6300000000000003,0.7104258060455324,1.6766247877508111,1.6300000000000003,0.9195741939544684,-0.0466247877508108,0.9661989817052792,0.9195741939544684,0.0466247877508108,0.9661989817052792
1KF3,A,ASP,38,3.076573610305786,2.813888844231456,2.1,3.7,-0.623426389694214,-0.8861111557685444,-1.6,0.623426389694214,0.8861111557685444,1.6,0.976573610305786,0.7138888442314557,0.26268476607433033,0.976573610305786,0.7138888442314557,0.26268476607433033
1ERT,A,ASP,61,4.517186641693115,4.076540186375515,5.3,3.7,0.8171866416931151,0.3765401863755145,1.5999999999999996,0.8171866416931151,0.3765401863755145,1.5999999999999996,-0.7828133583068846,-1.2234598136244852,0.4406464553176006,0.7828133583068846,1.2234598136244852,0.4406464553176006
1A91,A,ASP,7,4.275984764099121,4.4490814752255545,5.6,3.7,0.5759847640991209,0.7490814752255543,1.8999999999999997,0.5759847640991209,0.7490814752255543,1.8999999999999997,-1.3240152359008786,-1.1509185247744451,-0.17309671112643343,1.3240152359008786,1.1509185247744451,0.17309671112643343
1A91,A,ASP,44,3.5975589752197266,3.7697055885169495,5.6,3.7,-0.10244102478027363,0.0697055885169493,1.8999999999999997,0.10244102478027363,0.0697055885169493,1.8999999999999997,-2.002441024780273,-1.8302944114830502,-0.17214661329722292,2.002441024780273,1.8302944114830502,0.17214661329722292
1LZ3,A,ASP,18,3.0334794521331787,1.4246441291367402,2.68,3.7,-0.6665205478668215,-2.2753558708632595,-1.02,0.6665205478668215,2.2753558708632595,1.02,0.35347945213317855,-1.25535587086326,1.6088353229964385,0.35347945213317855,1.25535587086326,1.6088353229964385
2OVO,A,ASP,27,3.4099025726318364,4.958878794076862,2.3,3.7,-0.29009742736816424,1.2588787940768622,-1.4000000000000004,0.29009742736816424,1.2588787940768622,1.4000000000000004,1.1099025726318366,2.6588787940768626,-1.548976221445026,1.1099025726318366,2.6588787940768626,1.548976221445026
1BNZ,A,ASP,35,2.764900922775269,1.868446939568453,2.67,3.7,-0.9350990772247316,-1.8315530604315469,-1.0300000000000002,0.9350990772247316,1.8315530604315469,1.0300000000000002,0.09490092277526907,-0.8015530604315468,0.8964539832068159,0.09490092277526907,0.8015530604315468,0.8964539832068159
2OVO,A,ASP,7,2.854377031326294,2.665213276512912,2.67,3.7,-0.8456229686737062,-1.034786723487088,-1.0300000000000002,0.8456229686737062,1.034786723487088,1.0300000000000002,0.18437703132629402,-0.004786723487087752,0.18916375481338177,0.18437703132629402,0.004786723487087752,0.18916375481338177
1TRS,A,ASP,61,4.157482624053955,3.7410343930104064,5.2,3.7,0.4574826240539549,0.04103439301040624,1.5,0.4574826240539549,0.04103439301040624,1.5,-1.042517375946045,-1.4589656069895938,0.41644823104354867,1.042517375946045,1.4589656069895938,0.41644823104354867
1EX3,A,ASP,194,4.580887794494629,2.034884787040056,2.29,3.7,0.8808877944946287,-1.665115212959944,-1.41,0.8808877944946287,1.665115212959944,1.41,2.290887794494629,-0.2551152129599439,2.5460030074545728,2.290887794494629,0.2551152129599439,2.5460030074545728
1BNZ,A,ASP,16,2.1865344047546387,2.632405801864444,2.62,3.7,-1.5134655952453615,-1.067594198135556,-1.08,1.5134655952453615,1.067594198135556,1.08,-0.43346559524536143,0.012405801864443955,-0.4458713971098054,0.43346559524536143,0.012405801864443955,0.4458713971098054
1LSE,A,ASP,18,2.8697547912597656,2.032886214766136,2.66,3.7,-0.8302452087402346,-1.6671137852338642,-1.04,0.8302452087402346,1.6671137852338642,1.04,0.20975479125976548,-0.6271137852338642,0.8368685764936297,0.20975479125976548,0.6271137852338642,0.8368685764936297
1XNB,A,ASP,11,3.1841912269592285,3.0283178683687524,2.5,3.7,-0.5158087730407717,-0.6716821316312478,-1.2000000000000002,0.5158087730407717,0.6716821316312478,1.2000000000000002,0.6841912269592285,0.5283178683687524,0.15587335859047613,0.6841912269592285,0.5283178683687524,0.15587335859047613
135L,A,ASP,18,2.8819751739501958,1.3994160116751146,2.68,3.7,-0.8180248260498049,-2.3005839883248846,-1.02,0.8180248260498049,2.3005839883248846,1.02,0.2019751739501956,-1.2805839883248855,1.482559162275081,0.2019751739501956,1.2805839883248855,1.482559162275081
1YGW,A,ASP,49,3.427018880844116,3.985655267635227,4.22,3.7,-0.272981119155884,0.28565526763522664,0.5199999999999996,0.272981119155884,0.28565526763522664,0.5199999999999996,-0.7929811191558835,-0.23434473236477293,-0.5586363867911106,0.7929811191558835,0.23434473236477293,0.5586363867911106
1XNB,A,ASP,106,4.359177112579347,3.5583842171987117,2.7,3.7,0.6591771125793455,-0.1416157828012885,-1.0,0.6591771125793455,0.1416157828012885,1.0,1.6591771125793464,0.8583842171987115,0.8007928953806349,1.6591771125793464,0.8583842171987115,0.8007928953806349
1CDC,A,ASP,71,3.1597421169281006,3.0212975742888446,3.18,3.7,-0.5402578830718996,-0.6787024257111556,-0.52,0.5402578830718996,0.6787024257111556,0.52,-0.020257883071899574,-0.15870242571115556,0.13844454263925599,0.020257883071899574,0.15870242571115556,0.13844454263925599
1SAP,A,ASP,36,3.1249895095825195,2.9672459476975184,3.12,3.7,-0.5750104904174806,-0.7327540523024818,-0.5800000000000001,0.5750104904174806,0.7327540523024818,0.5800000000000001,0.004989509582519425,-0.15275405230248174,0.15774356188500116,0.004989509582519425,0.15275405230248174,0.15774356188500116
2IGH,A,ASP,45,3.8333873748779297,3.2140838474073496,4.4,3.7,0.1333873748779295,-0.4859161525926505,0.7000000000000002,0.1333873748779295,0.4859161525926505,0.7000000000000002,-0.5666126251220707,-1.1859161525926507,0.61930352747058,0.5666126251220707,1.1859161525926507,0.61930352747058
1SAP,A,ASP,16,2.7048707008361816,2.1407267409145034,2.89,3.7,-0.9951292991638184,-1.5592732590854967,-0.81,0.9951292991638184,1.5592732590854967,0.81,-0.18512929916381848,-0.7492732590854967,0.5641439599216782,0.18512929916381848,0.7492732590854967,0.5641439599216782
2QMT,A,ASP,22,2.1381912231445312,2.0900363950011984,2.9,3.7,-1.5618087768554691,-1.6099636049988018,-0.8000000000000003,1.5618087768554691,1.6099636049988018,0.8000000000000003,-0.7618087768554687,-0.8099636049988015,0.04815482814333283,0.7618087768554687,0.8099636049988015,0.04815482814333283
1KF3,A,ASP,121,3.680736541748047,2.5108766955369464,3.0,3.7,-0.019263458251953303,-1.1891233044630538,-0.7000000000000002,0.019263458251953303,1.1891233044630538,0.7000000000000002,0.6807365417480469,-0.48912330446305363,1.1698598462111005,0.6807365417480469,0.48912330446305363,1.1698598462111005
1LNI,A,ASP,93,3.3882660865783687,3.4774267577806364,3.09,3.7,-0.31173391342163104,-0.2225732422193638,-0.6100000000000003,0.31173391342163104,0.2225732422193638,0.6100000000000003,0.29826608657836884,0.3874267577806365,-0.08916067120226767,0.29826608657836884,0.3874267577806365,0.08916067120226767
4ICB,A,ASP,47,2.246528625488281,2.688004146486913,3.04,3.7,-1.4534713745117191,-1.011995853513087,-0.6600000000000001,1.4534713745117191,1.011995853513087,0.6600000000000001,-0.7934713745117192,-0.35199585351308693,-0.4414755209986323,0.7934713745117192,0.35199585351308693,0.4414755209986323
1BVI,B,ASP,49,3.706237316131592,3.763820611296497,4.22,3.7,0.006237316131591618,0.06382061129649674,0.5199999999999996,0.006237316131591618,0.06382061129649674,0.5199999999999996,-0.513762683868408,-0.45617938870350283,-0.057583295164905124,0.513762683868408,0.45617938870350283,0.057583295164905124
1BVI,B,ASP,29,4.373382091522217,4.4970074786129315,4.26,3.7,0.6733820915222166,0.7970074786129313,0.5599999999999996,0.6733820915222166,0.7970074786129313,0.5599999999999996,0.11338209152221701,0.2370074786129317,-0.12362538709071469,0.11338209152221701,0.2370074786129317,0.12362538709071469
1IGC,A,ASP,27,2.346984624862671,1.8435590226833336,2.9,3.7,-1.3530153751373293,-1.8564409773166664,-0.8000000000000003,1.3530153751373293,1.8564409773166664,0.8000000000000003,-0.553015375137329,-1.0564409773166663,0.5034256021793373,0.553015375137329,1.0564409773166663,0.5034256021793373
1IG5,A,ASP,47,3.077691078186035,3.7243543940244783,3.04,3.7,-0.622308921813965,0.024354394024478143,-0.6600000000000001,0.622308921813965,0.024354394024478143,0.6600000000000001,0.03769107818603512,0.6843543940244783,-0.6466633158384432,0.03769107818603512,0.6843543940244783,0.6466633158384432
2QMT,A,ASP,40,3.617207527160645,2.9471184668478947,4.0,3.7,-0.08279247283935565,-0.7528815331521055,0.2999999999999998,0.08279247283935565,0.7528815331521055,0.2999999999999998,-0.382792472839355,-1.0528815331521053,0.6700890603127503,0.382792472839355,1.0528815331521053,0.6700890603127503
1HNG,A,ASP,25,3.0809388160705566,3.345091165689322,3.53,3.7,-0.6190611839294435,-0.3549088343106783,-0.17000000000000035,0.6190611839294435,0.3549088343106783,0.17000000000000035,-0.44906118392944316,-0.18490883431067795,-0.2641523496187652,0.44906118392944316,0.18490883431067795,0.2641523496187652
1ERT,A,ASP,60,3.843144416809082,2.5224103335216137,4.2,3.7,0.14314441680908185,-1.1775896664783865,0.5,0.14314441680908185,1.1775896664783865,0.5,-0.35685558319091815,-1.6775896664783865,1.3207340832874683,0.35685558319091815,1.6775896664783865,1.3207340832874683
1LZ3,A,ASP,119,2.63012957572937,1.7809502493041132,3.35,3.7,-1.06987042427063,-1.919049750695887,-0.3500000000000001,1.06987042427063,1.919049750695887,0.3500000000000001,-0.71987042427063,-1.569049750695887,0.849179326425257,0.71987042427063,1.569049750695887,0.849179326425257
1TRS,A,ASP,60,3.868835926055908,2.2474108385546483,3.9,3.7,0.16883592605590805,-1.4525891614453519,0.19999999999999973,0.16883592605590805,1.4525891614453519,0.19999999999999973,-0.031164073944091708,-1.6525891614453516,1.62142508750126,0.031164073944091708,1.6525891614453516,1.62142508750126
1YGW,A,ASP,15,3.221453189849853,2.7875825124478464,3.52,3.7,-0.4785468101501466,-0.9124174875521538,-0.18000000000000016,0.4785468101501466,0.9124174875521538,0.18000000000000016,-0.29854681015014695,-0.7324174875521536,0.4338706774020067,0.29854681015014695,0.7324174875521536,0.4338706774020067
1ERT,A,ASP,16,4.196972370147705,4.04107039565471,3.7,3.7,0.4969723701477049,0.3410703956547101,0.0,0.4969723701477049,0.3410703956547101,0.0,0.4969723701477049,0.3410703956547101,0.1559019744929948,0.4969723701477049,0.3410703956547101,0.1559019744929948
1BNI,B,ASP,12,3.981667518615722,4.017384296916166,3.8,3.7,0.2816675186157225,0.31738429691616604,0.09999999999999963,0.2816675186157225,0.31738429691616604,0.09999999999999963,0.1816675186157224,0.21738429691616634,-0.03571677830044395,0.1816675186157224,0.21738429691616634,0.03571677830044395
1QH7,A,ASP,21,3.1705334186553955,2.641023658951648,3.46,3.7,-0.5294665813446047,-1.0589763410483521,-0.2400000000000002,0.5294665813446047,1.0589763410483521,0.2400000000000002,-0.28946658134460446,-0.8189763410483519,0.5295097597037475,0.28946658134460446,0.8189763410483519,0.5295097597037475
2QMT,A,ASP,36,4.18967342376709,4.469025589352512,3.8,3.7,0.4896734237670897,0.7690255893525118,0.09999999999999963,0.4896734237670897,0.7690255893525118,0.09999999999999963,0.38967342376709,0.6690255893525121,-0.2793521655854221,0.38967342376709,0.6690255893525121,0.2793521655854221
1CDC,A,ASP,62,3.3593382835388184,3.686429132574651,4.15,3.7,-0.3406617164611818,-0.013570867425348965,0.4500000000000002,0.3406617164611818,0.013570867425348965,0.4500000000000002,-0.790661716461182,-0.46357086742534914,-0.32709084903583285,0.790661716461182,0.46357086742534914,0.32709084903583285
1CDC,A,ASP,94,3.0601348876953125,3.059791011341681,3.87,3.7,-0.6398651123046877,-0.6402089886583191,0.16999999999999993,0.6398651123046877,0.6402089886583191,0.16999999999999993,-0.8098651123046876,-0.810208988658319,0.00034387635363142266,0.8098651123046876,0.810208988658319,0.00034387635363142266
